1,Carlos,Ramos,carlos.ramos@example.com,Barcelona,Barcelona
2,Maria,Gonzalez,maria.gonzalez@example.com,Barcelona,Hospitalet
3,Jordi,Serra,jordi.serra@example.com,Barcelona,Sabadell
4,Ana,Lopez,ana.lopez@example.com,Barcelona,Terrassa
5,Lucia,Moreno,lucia.moreno@example.com,Barcelona,Badalona
6,Pau,Sanchez,pau.sanchez@example.com,Barcelona,Mataro
7,Elena,Mateu,elena.mateu@example.com,Barcelona,Santa Coloma de Gramenet
8,Sergi,Navarro,sergi.navarro@example.com,Barcelona,Manresa
9,Nuria,Castro,nuria.castro@example.com,Barcelona,Rubi
10,David,Ibañez,david.ibanez@example.com,Barcelona,Vilanova i la Geltru
11,Laia,Puig,laia.puig@example.com,Barcelona,El Prat
12,Marc,Vidal,marc.vidal@example.com,Barcelona,Cornella
13,Clara,Sole,clara.sole@example.com,Barcelona,Granollers
14,Oriol,Ferrer,oriol.ferrer@example.com,Barcelona,Cerdanyola del Valles
15,Marta,Font,marta.font@example.com,Barcelona,Viladecans
16,Albert,Grau,albert.grau@example.com,Barcelona,Castelldefels
17,Helena,Batlle,helena.batlle@example.com,Barcelona,Esplugues de Llobregat
18,Roger,Roca,roger.roca@example.com,Barcelona,Sant Boi
19,Carla,Riera,carla.riera@example.com,Barcelona,Sant Cugat del Valles
20,Gerard,Marti,gerard.marti@example.com,Barcelona,Igualada
21,Joan,Coll,joan.coll@example.com,Girona,Girona
22,Anna,Serra,anna.serra@example.com,Girona,Figueres
23,Pol,Costa,pol.costa@example.com,Girona,Blanes
24,Emma,Vila,emma.vila@example.com,Girona,Olot
25,Nil,Soler,nil.soler@example.com,Girona,Salt
26,Ivet,Prat,ivet.prat@example.com,Girona,Lloret de Mar
27,Roc,Martinez,roc.martinez@example.com,Girona,Roses
28,Marina,Fabregas,marina.fabregas@example.com,Girona,Palamos
29,Biel,Campmany,biel.campmany@example.com,Girona,Sant Feliu de Guixols
30,Julia,Carreras,julia.carreras@example.com,Girona,Torroella de Montgri
31,Arnau,Vendrell,arnau.vendrell@example.com,Lleida,Lleida
32,Claudia,Peña,claudia.pena@example.com,Lleida,Tarrega
33,Ramon,Balaguer,ramon.balaguer@example.com,Lleida,Balaguer
34,Eva,Segarra,eva.segarra@example.com,Lleida,Mollerussa
35,Quim,Climent,quim.climent@example.com,Lleida,Cervera
36,Mireia,Baro,mireia.baro@example.com,Lleida,La Seu d Urgell
37,Ignasi,Boix,ignasi.boix@example.com,Lleida,Alcarras
38,Estel,Llado,estel.llado@example.com,Lleida,Soses
39,Genis,Alonso,genis.alonso@example.com,Lleida,Tremp
40,Meritxell,Reixach,meritxell.reixach@example.com,Lleida,Solsona
41,Xavier,Oliva,xavier.oliva@example.com,Tarragona,Tarragona
42,Laura,Borras,laura.borras@example.com,Tarragona,Reus
43,Adria,Guasch,adria.guasch@example.com,Tarragona,Salou
44,Silvia,Queralt,silvia.queralt@example.com,Tarragona,Cambrils
45,Carles,Argente,carles.argente@example.com,Tarragona,El Vendrell
46,Neus,Miro,neus.miro@example.com,Tarragona,Valls
47,Andreu,Salvat,andreu.salvat@example.com,Tarragona,Amposta
48,Irene,Palau,irene.palau@example.com,Tarragona,Tortosa
49,Victoria,Rovira,victoria.rovira@example.com,Tarragona,Calafell
50,Bruno,Feliu,bruno.feliu@example.com,Tarragona,Sant Carles de la Rapita
